{
  "uniqueClicks": [
    {
      "ip": "22.22.22.22",
      "timestamp": "3/11/2020 02:02:58",
      "amount": 7
    },
    {
      "ip": "11.11.11.11",
      "timestamp": "3/11/2020 02:12:32",
      "amount": 6.5
    },
    {
      "ip": "44.44.44.44",
      "timestamp": "3/11/2020 02:13:54",
      "amount": 8.75
    },
    {
      "ip": "33.33.33.33",
      "timestamp": "3/11/2020 07:02:54",
      "amount": 15.75
    },
    {
      "ip": "66.66.66.66",
      "timestamp": "3/11/2020 07:02:54",
      "amount": 14.25
    },
    {
      "ip": "55.55.55.55",
      "timestamp": "3/11/2020 13:02:40",
      "amount": 8
    }
  ],
  "clickPeriods": [
    {
      "period": "2:2:58",
      "totalAmount": 7
    },
    {
      "period": "2:12:32",
      "totalAmount": 6.5
    },
    {
      "period": "2:13:54",
      "totalAmount": 8.75
    },
    {
      "period": "7:2:54",
      "totalAmount": 30
    },
    {
      "period": "13:2:40",
      "totalAmount": 8
    }
  ]
}